,Cat3
unknown,2262
shaving hair removal,1565
vitamins supplements,1315
board games,924
styling tools,850
women s,737
face,729
toys,680
figures,653
dolls,653
oral hygiene,642
nutrition bars drinks,598
health supplies,591
disposable diapers,562
litter housebreaking,560
pretend play,512
animals figures,499
tea,473
playsets,443
electronic toys,437
collars,426
feeding watering supplies,410
braces,409
grooming,403
cooking baking supplies,399
men s,390
health monitors,388
bottle feeding,327
beds furniture,321
pain relievers,316
massage relaxation,312
nails,304
body,301
scooters wagons,299
building sets,291
treats,287
accessories,277
gates doorways,264
cleansers,263
breastfeeding,255
furniture,248
swings,243
lip care products,224
household batteries,223
eyes,218
styling products,216
household cleaning,215
food,210
cleaning tools,210
monitors,208
alternative medicine,205
card games,205
highchairs booster seats,205
bedding,204
science,201
coffee,196
hair color,196
hands nails,191
bathing tubs seats,188
diaper pails refills,188
play vehicles,178
first aid,178
nursery d cor,177
car seats,177
shampoos,169
training behavior aids,168
adult toys games,161
daily living aids,156
eye care,155
weight loss products,154
houses,152
backpacks carriers,151
breakfast cereal bars,148
mobility aids equipment,143
foot care,140
conditioners,137
play trains railway sets,135
pools water fun,135
sun,135
music sound,131
gym sets swings,130
sauces,128
vehicle playsets,128
solid feeding,121
push pull toys,120
wipes holders,119
sports supplements,119
craft kits,118
pumps filters,116
herbs,116
potties seats,115
deodorants antiperspirants,115
paper plastic,113
safer sex,111
lips,108
cookies,107
systems accessories,105
mirrors,102
cereals,102
baby gyms playmats,101
trading card games,98
activity centers entertainers,97
drawing painting supplies,96
family planning contraceptives,96
incontinence,96
health care,94
jigsaw puzzles,93
digestion nausea,91
carriers travel products,91
doll accessories,89
diaper bags,89
sleep snoring,88
canned jarred food,88
stacking blocks,86
model building kits tools,85
maternity pillows,84
laundry,84
crackers,82
sports,77
bath toys,76
allergy,76
apparel accessories,76
spices seasonings,76
stacking nesting toys,74
women s health,74
live indoor plants,70
bathroom aids safety,69
hair scalp treatments,69
dollhouses,65
playards,64
electronic pets,64
pill cases splitters,62
packaged meals side dishes,61
habitats,60
hair loss products,59
popcorn,58
thermometers,58
feminine care,55
bathing accessories,55
doors,54
gummy candies,54
dried beans,54
beds accessories,54
play tents tunnels,53
teethers,52
radio control,52
dishwashing,51
nail tools,48
stuffed animals toys,48
educational repellents,48
easels,48
pegged puzzles,48
tandem,47
juices,47
bath,46
hard candies,46
activity play centers,46
rails rail guards,46
cough cold,45
shape sorters,45
battling tops,44
floor puzzles,44
gag toys practical jokes,43
skin care,43
fresh baked cookies,42
therapeutic skin care,41
plug play video games,41
coconut water,40
makeup brushes tools,40
scrubs body treatments,40
dvd games,40
occupational physical therapy aids,40
bathroom safety,39
pretzels,39
car seat stroller toys,39
diabetes,38
brain teasers,38
crib toys attachments,38
grooming healthcare kits,37
chips crisps,37
toy balls,37
standard,36
lightweight,36
milk,36
joggers,35
stress reduction,35
walkers,35
blasters foam play,35
pillows stools,34
personal care,34
gummy candy,34
cages accessories,33
jerky,33
music players karaoke,33
diaper changing kits,32
jerky dried meats,32
licorice,32
sets,32
blocks,31
personal video players accessories,31
chocolate bars,31
rocking spring ride ons,31
cabinet locks straps,31
carriers strollers,31
aquariums,31
chips,30
baking mixes,30
dollhouse accessories,30
hot cocoa,30
pasta noodles,30
cat flaps,29
standard playing card decks,29
fresh fruits,29
houses habitats,29
balls,28
cloth diapers,28
condiments,28
suckers lollipops,28
rockets,27
shopping cart covers,26
seafood,26
sand water tables,25
air fresheners,25
magic kits accessories,25
tile games,24
rattles,24
edge corner guards,24
geography,23
pacifiers accessories,23
lighters,23
puppets,23
ear care,23
aquarium d cor,22
water treatments,22
reading writing,22
teddy bears,21
party mix,21
changing table pads covers,21
trains accessories,20
trail mix,20
keepsakes,20
drawing sketching tablets,20
electrical safety,20
sandboxes accessories,20
travel systems,20
hobbies,20
jams,19
gift sets,19
novelty gag toys,19
scaled model vehicles,19
maternity,19
shampoo conditioner sets,19
aquarium heaters,18
training pants,18
step stools,18
baby formula,18
clay dough,17
cameras camcorders,17
statues,17
gum,17
sleep positioners,17
basic life skills toys,16
bars,16
tea gifts,16
tests,16
soft drinks,16
nuts seeds,15
smoking cessation,15
cakes,15
cleaners,15
facial steamers,15
soaps cleansers,15
bags cases,15
powdered drink mixes,15
action toy figures,14
albums,14
makeup remover,14
gardening tools,14
snack gifts,14
die cast vehicles,14
water,14
marble runs,14
mints,14
mathematics counting,13
beauty fashion,13
inflatable bouncers,13
pogo sticks hoppers,13
toaster pastries,13
energy drinks,13
candy gifts,13
wind up toys,13
aquarium lights,13
oils,12
harnesses leashes,12
marble games,12
money banks,12
test kits,12
puffed snacks,11
toy banks,11
jelly beans,10
ball pits accessories,10
plush puppets,10
body art,10
stimulants,9
chocolate truffles,9
fruit leather,9
crackers biscuits,9
taffy,9
fresh vegetables,9
game accessories,9
stacking games,8
d puzzles,8
hair perms texturizers,8
chocolate,8
portable changing pads,8
dice gaming dice,8
kitchen safety,8
hair coloring tools,7
sugars sweeteners,7
automatic feeders,7
puzzles,7
breads,7
sensual delights,7
plush backpacks purses,7
fudge,7
floor games,6
rabbit hutches,6
cotton swabs,6
aquarium hoods,6
puzzle accessories,6
rice cakes,6
dance mats,6
ice cream frozen desserts,6
granola trail mix bars,6
walkie talkies,6
blackboards whiteboards,5
pizza crusts,5
washcloths towels,5
cereal,5
hair relaxers,5
kites wind spinners,5
fresh cut flowers,5
aquarium starter kits,5
chocolate assortments,5
hammering pounding toys,5
game room games,5
sun protection,5
baby seats,5
sugar substitutes,5
shampoo plus conditioner,5
toy gift sets,5
chewing gum,5
flash cards,5
diaper stackers caddies,4
beanbags foot bags,4
nut clusters,4
fruit,4
dips,4
stickers,4
milk substitutes,4
miniatures,4
travel games,4
printing stamping,4
indoor climbers play structures,4
thermometer accessories,4
sexual enhancers,4
carriers,4
cloth diaper accessories,4
seat covers,4
dried fruit raisins,4
sauces gifts,4
novelties,4
cocktail mixers,4
bondage gear accessories,4
packaged breads,4
viewfinders,3
dinners,3
coffee gifts,3
cheese,3
extracts flavoring,3
finger boards finger bikes,3
dessert gifts,3
sausages,3
caramels,3
temporary tattoos,3
chocolate gifts,3
non slip bath mats,3
syrups,3
food coloring,3
flours meals,3
breakfast bakery,3
seafood gifts,3
dessert toppings,2
beads,2
prisms kaleidoscopes,2
coin collecting,2
assortments,2
kickball playground balls,2
toffee,2
yo yos,2
exotic meats,2
beef,2
molding sculpting sticks,2
baking powder,2
pork rinds,2
chicken,2
prams,2
nesting dolls,2
tortillas,2
cheese gifts,2
electronics,2
chocolate pretzels,2
hair nails,2
fitness equipment,2
outdoor safety,2
makeup sets,2
slumber bags,2
slot cars,2
teaching clocks,2
die cast toy vehicles,2
memorials,2
salsas,2
cages,2
halva,2
breadcrumbs,2
granola bars,2
bubble bath,1
pork,1
sex furniture,1
aprons smocks,1
marshmallows,1
pudding,1
sports drinks,1
beverages,1
jams preserves gifts,1
children s,1
odor stain removers,1
meat gifts,1
pastry decorations,1
fish bowls,1
games,1
aquarium stands,1
wild game fowl,1
spinning tops,1
puzzle play mats,1
handheld games,1
slime putty toys,1
pastries,1
butter,1
fruits,1
game collections,1
novelty spinning tops,1
foie gras p t s,1
aromatherapy,1
p t s,1
raisins,1
bacon,1
plush pillows,1
fruit gifts,1
stuffing,1
breadsticks,1
eggs,1
chocolate covered fruit,1
spices gifts,1
